{
  "accuracy": 0.9570582428430404,
  "precision": 0.9580107183131743,
  "recall": 0.9570582428430404,
  "f1_score": 0.9574474603386659
}